한국측량학회지,EA01,측량표준/시험평가기술,,
한국HCI학회논문지,EA02,생산기반기술,,
한국HCI학회-학술대회논문집,EA02,생산기반기술,,
한국금형공학회지,EA03,요소부품,,
한국정밀공학회-학술대회논문집,EA04,정밀생산기계,,
한국인쇄학회지,EA08,산업/일반기계,,
한국철도학회논문집,EA09,자동차/철도차량,,
대한조선학회논문집,EA10,,,
대한조선학회지,EA10,,,
대한조선학회 특별논문집,EA10,조선/해양시스템,,
항공우주시스템공학회지,EA12,우주발사체,,
대한원격탐사학회지,EA13,인공위성,,
대한원격탐사학회-학술대회논문집,EA13,인공위성,,
한국위성정보통신학회논문지,EA13,인공위성,,
한국콘크리트학회-학술대회논문집,EB02,세라믹재료,,
한국콘크리트학회논문집,EB02,세라믹재료,,
한국콘크리트학회지,EB02,세라믹재료,,
한국세라믹학회지,EB02,세라믹재료,,
세라미스트,EB02,세라믹재료,,
대한용접접합학회-학술대회논문집,EB04,주조/용접/접합,,
한국주조공학회지,EB04,주조/용접/접합,,
한국분말야금학회지,EB05,소성가공/분말,,
고무기술,EC06,,,
염색가공,EC08,염색가공,,
한국염색가공학회-학술대회논문집,EC08,염색가공,,
한국염색가공학회지,EC08,염색가공,,
화약/발파,EC11,,,
반도체디스플레이기술학회지,ED10,디스플레이,,
인포메이션 디스플레이,ED10,디스플레이,,
한국전자파학회지-전자파기술,ED11,무기센서 및 제어,,
한국자기학회-학술대회 개요집,ED99,,,
한국자기학회지,ED99,,,
한국인공지능학회지,EE01,정보이론,,
한국지능시스템학회논문지,EE01,정보이론,,
한국데이타베이스학회-학술대회논문집,EE01,정보이론,,
대한임베디드공학회논문지,EE02,소프트웨어,,
한국사물인터넷학회논문지,EE02,소프트웨어,,
정보보호학회지,EE03,,,
시큐리티연구,EE03,정보보호,,
정보보호학회논문지,EE03,,,
한국전자파학회논문지,EE05,위성/전파,,
한국ITS학회 논문지,EE12,,,
한국ITS학회-학술대회논문집,EE12,,,
한국재난정보학회-학술대회논문집,EE13,재난정보관리,,
한국IT서비스학회-학술대회논문집,EE99,,,
한국태양광발전학회지,EF06,신재생에너지,,
한국태양광발전학회 논문집,EF06,신재생에너지,,
신재생에너지,EF06,신재생에너지,,
한국신재생에너지학회-학술대회논문집,EF06,신재생에너지,,
한국가스학회지,EF07,가스에너지,,
한국방사성폐기물학회-학술대회논문집,EG06,핵연료주기/방사성 폐기물 관리기술,,
대한방사선기술학회지 - 방사선기술과학,EG07,방사선 기술,,
대한방사선방어학회 - 학술대회 논문집,EG07,방사선 기술,,
대한방사선치료학회지,EG07,방사선 기술,LC04,
대한방사선의약품학회지,EG07,방사선 기술,,
한국방사선학회논문지,EG07,방사선기술,,
한국환경복원기술학회지,EH04,생태계복원/관리,,
소음진동,EH05,소음/진동관리,,
한국환경보건학회지,EH09,환경보건,,
센서학회지,EH13,측정분석장비/장치,,
한국공간구조학회논문집,EI02,,,
한국지반공학회논문집,EI03,시설물 설계/해석기술,,
한국지반환경공학회 논문집,EI03,시설물 설계/해석기술,,
건설관리,EI04,건설시공/재료,,
국제초고층학회논문집,EI04,건설시공/재료,,
상하수도학회지,EI12,건설환경설비기술,,
논리연구,HB01,,,
기독교교육논총,HB06,종교일반,,
한국비블리아학회지,HB06,종교일반,,
말소리와 음성과학,HC01,언어일반,,
대한후두음성언어의학회지,HC01,언어일반,,
음성과학,HC01,언어일반,,
영어어문교육,HC05,영어,,
미술이론과 현장,HE02,미술,,
한국실내디자인학회논문집,HE06,환경디자인,,
한국가구학회지,HE06,환경디자인,,
대한정형외과스포츠의학회지,HE13,스포츠과학,,
한국운동역학회지,HE13,스포츠과학,,
디지털콘텐츠학회 논문지,HE14,콘텐츠,,
디지털콘텐츠학회지,HE14,콘텐츠,,
한국콘텐츠학회-학술대회논문집,HE14,콘텐츠,,
한국콘텐츠학회논문지,HE14,콘텐츠,,
한국콘텐츠학회지,HE14,콘텐츠,,
만화애니메이션 연구,HE14,콘텐츠,,
한국만화애니메이션학회-학술대회논문집,HE14,콘텐츠,,
한국게임학회 논문지,HE14,콘텐츠,,
건축역사연구,HE15,문화재,,
환경생물,LA05,,,
한국환경생태학회지,LA05,분류/생태/환경생물학,,
청정기술,LA08,생물공학,,
한국생물공학회소식지,LA08,생물공학,,
미생물과산업,LA09,산업바이오,,
원예과학기술지,LB02,원예특용작물과학,,
시설원예/식물공장,LB02,원예특용작물과학,,
한국응용곤충학회지,LB03,농생물학/작물보호,,
식물병연구,LB03,농생물학/작물보호,,
농약과학회지,LB04,,,
한국잡초학회지,LB04,농화학,,
한국토양비료학회지,LB05,농업환경생태,,
대한수의학회지,LB07,수의과학,,
한국임상수의학회-학술대회논문집,LB07,수의과학,,
한국임상수의학회지,LB07,수의과학,,
농촌계획,LB09,농업인프라공학,,
한국조경학회-학술대회논문집,LB11,조경학,,
한국조경학회지,LB11,조경학,,
한국전통조경학회지,LB11,조경학,,
목재공학,LB12,임산공학,,
한국펄프종이공학회-학술대회논문집,LB12,임산공학,,
펄프종이기술,LB12,임산공학,,
한국버섯학회지,LB12,임산공학,,
한국어업기술학회-학술대회논문집,LB15,어업생산/이용가공,,
한국축산식품학회지,LB16,농수축산물안전,,
식품과학과 산업,LB17,식품과학,,
식품저장과 가공산업,LB17,식품과학,,
한국식품위생안전성학회지,LB17,,,
한국식품저장유통학회지,LB17,,,
한국식품과학회지,LB17,,,
한국식품영양학회지,LB18,,,
식품산업과 영양,LB18,,,
한국식품영양과학회지,LB18,,,
한국식품조리과학회지,LB19,,,
한국조리학회지,LB19,식품조리,,
한국임상약학회지,LC01,,,
대한불안의학회지,LC02,,,
소아청소년정신의학,LC02,임상의학,,
대한치과마취과학회지,LC02,임상의학,,
동의신경정신과학회지,LC02,임상의학,,
대한견주관절학회-학술대회논문집,LC02,임상의학,,
대한관절경학회-학술대회논문집,LC02,임상의학,,
대한골관절종양학회지,LC02,임상의학,,
한국응급구조학회지,LC02,임상의학,,
수면정신생리,LC02,,,
대한임상검사과학회지,LC02,,,
대한위암학회지,LC02,,,
척추신경추나의학회지,LC02,,,
대한구순구개열학회-학술대회논문집,LC02,,,
대한임상약리학회-학술대회논문집,LC03,의약품/의약개발,,
약학회지,LC03,의약품/의약개발,,
대한관절경학회-학술대회논문집,LC04,치료/진단기기,,
대한자기공명의과학회-학술대회논문집,LC04,치료/진단기기,,
대한정형외과 초음파학회지,LC04,치료/진단기기,,
재활치료과학,LC05,기능복원/보조/복지기기,,
한방비만학회지,LC07,한의과학,,
한방안이비인후피부과학회지,LC07,한의과학,,
한방재활의학과학회지,LC07,한의과학,,
대한약침학회지,LC07,한의과학,,
대한예방한의학회지,LC07,한의과학,,
대한암한의학회지,LC07,한의과학,,
대한한방내과학회지,LC07,한의과학,,
대한한방부인과학회지,LC07,한의과학,,
대한한방소아과학회지,LC07,한의과학,,
대한한의정보학회지,LC07,한의과학,,
대한한의진단학회지,LC07,한의과학,,
대한한의학방제학회지,LC07,한의과학,,
대한한의학원전학회지,LC07,한의과학,,
대한한의학회지,LC07,한의과학,,
대한한방체열의학회지,LC07,한의과학,,
동의신경정신과학회지,LC07,한의과학,,
보건교육건강증진학회지,LC08,보건학,,
가정간호학회지,LC09,간호과학,,
대한간호학회지,LC09,,,
기본간호학회지,LC09,간호과학,,
임상간호연구,LC09,간호과학,,
성인간호학회지,LC09,간호과학,,
대한소아치과학회지,LC10,치의과학,,
대한심미치과학회지,LC10,치의과학,,
구강회복응용과학지,LC10,치의과학,,
대한치과교정학회지,LC10,치의과학,,
대한치과기공학회지,LC10,치의과학,,
대한치과보철학회지,LC10,치의과학,,
대한치주과학회-학술대회논문집,LC10,치의과학,,
대한치위생과학회지,LC10,치의과학,,
식품보건융합연구,LC11,,,
대한영양사협회학술지,LC12,영양관리,,
대한지역사회영양학회-학술대회논문집,LC12,,,
한국영양학회-학술대회논문집,LC12,,,
대한지역사회영양학회지,LC12,,,
대한임상독성학회지,LC15,독성/안전성 관리기발 기술,,
광학과기술,NB05,,,
한국광학회-학술대회논문집,NB05,광학,,
한국초전도ㆍ저온공학회논문지,NB06,응집물질물리,,
한국의학물리학회지-의학물리,NB09,복합물리,,
한국자기공명학회논문지,NC01,자기공명학,,
한국결정학회지,NC03,무기화학,,
한국태양광발전학회지,NC07,광화학,,
한국태양광발전학회 논문집,NC07,광화학,,
한국태양에너지학회 논문집,NC07,광화학,,
광물과암석,ND01,,,
암석학회지,ND01,지질과학,,
한국암석학회-학술대회논문집,ND01,지질과학,,
한국광물학회지,ND01,지질과학,,
한국지진공학회논문집,ND02,지진학,,
대기,ND04,대기과학,,
천문학논총,ND12,천문학,,
천문학회보,ND12,천문학,,
천문학회지,ND12,천문학,,
인지과학,OB01,인지과학,,
한국인지과학회-학술대회논문집,OB01,인지과학,,
항공우주정책/법학회지,OC03,과학기술정책/사회,,
연구윤리,OC04,생명/의료윤리,,
한국재난관리표준학회지,OC05,안전사회/재난관리,,
항공우주정책/법학회지,SA07,분야별 전문법,,
간호행정학회지,SB12,,,
환경정책연구,SB12,분야별/유형별 행정/정책,,
한국보건행정학회-학술대회논문집,SB12,분야별/유형별 행정/정책,,
보건행정학회지,SB12,분야별/유형별 행정/정책,,
노동경제논집,SC03,미시경제,,
자원ㆍ환경경제연구,SC06,분야별 경제,,
한국항만경제학회지,SC06,분야별 경제,,
충북경제 Issue & Trend,SC06,분야별 경제,,
기업가정신과 벤처연구,SC07,,,
벤처혁신연구,SC07,경영전략/윤리,,
벤처창업연구,SC07,경영전략/윤리,,
한국벤처창업학회-학술대회논문집,SC07,경영전략/윤리,,
중소기업융합학회논문지,SC07,경영전략/윤리,,
마케팅과학연구,SC10,마케팅,,
지식경영연구,SC11,경영정보/e-비즈니스,,
경영과학,SC12,경영과학,,
한국경영과학회지,SC12,경영과학,,
CRM연구,SC12,경영과학,,
재무관리연구,SC13,재무관리,,
무역상무연구,SC16,무역,,
한국국방경영분석학회지,SC99,기타경제/경영,,
한국지역사회생활과학회지,SD02,사회구조/문제,,
대한지역사회작업치료학회지,SD07,사회복지정책/행정,,
한국사회복지학,SD07,사회복지정책/행정,,
한국사회복지학,SD08,사회복지서비스/임상,,
지역사회간호학회지,SD08,사회복지 서비스/임상,,간호
한국사회복지학회-학술대회논문집,SD08,사회복지서비스/임상,,
한국가정관리학회지,SE01,가정자원경영,,
대한가정학회지,SE01,가정자원경영,,
한국가정관리학회-학술대회논문집,SE01,가정자원경영,,
부모자녀건강학회-학술대회논문집,SE02,가족,,
아동학회지,SE03,아동/청소년,,
초등상담연구,SE03,아동/청소년,,
패션비즈니스,SE05,의류,,
한국의류학회지,SE05,,EC09,
복식,SE05,,,
복식문화연구,SE05,,,
복식문화학회-학술대회논문집,SE05,,,
한국의류산업학회지,SE05,,,
한국주거학회논문집,SE06,주거,,
한국주거학회-학술대회논문집,SE06,주거,,
주거,SE06,주거,,
한국지역지리학회지,SF01,도시/지역개발,,
한국경제지리학회지,SF03,인문지리,,
항공산업연구,SF07,관광,,
한국관광식음료학회지-관광식음료경영연구,SF07,관광,,
교육연구논총,SH01,교육일반,,
과학교육연구지,SH06,자연과학교과교육,,
대한수학교육학회지-수학교육학연구,SH06,자연과학교과교육,,
대한지구과학교육학회지,SH06,자연과학교과교육,,
대한지구과학교육학회-학술대회논문집,SH06,자연과학교과교육,,
대한수학교육학회지-학교수학,SH06,자연과학교과교육,,
한국수학교육학회지시리즈C-초등수학교육,SH06,자연과학교과교육,,
한국수학교육학회지시리즈A-수학교육,SH06,자연과학교과교육,,
한국수학교육학회지시리즈E-수학교육논문집,SH06,자연과학교과교육,,
한국과학교육학회지,SH06,자연과학교과교육,,
한국수학교육학회지시리즈D-수학교육연구,SH06,자연과학교과교육,,
한국초등수학교육학회지,SH06,자연과학교과교육,,
한국초등과학교육학회지-초등과학교육,SH06,자연과학교과교육,,
한국수학교육학회지시리즈B-순수및응용수학,SH06,자연과학교과교육,,
한국초등수학교육학회-학술대회논문집,SH06,자연과학교과교육,,
한국수학교육학회-학술대회논문집,SH06,자연과학교과교육,,
대한공업교육학회지,SH07,실업교과교육,,
공학교육연구,SH07,실업교과교육,,
컴퓨터교육학회논문지,SH07,실업교과교육,,
한국정보교육학회-학술대회논문집,SH07,실업교과교육,,
한국실천공학교육학회논문지,SH07,실업교과교육,,
한국컴퓨터교육학회 학술대회,SH07,실업교과교육,,
한국가정과교육학회지,SH07,실업교과교육,,
실천공학교육논문지,SH07,실업교과교육,,
대한기계학회논문집 C- 기술과 교육,SH07,실업교과교육,,
한국환경교육학회지-환경교육,SH07,실업교과교육,,
정보교육학회논문지,SH07,실업교과교육,,
한국언론정보학보,SI01,커뮤니케이션 일반,,
한국멀티미디어학회지,SI02,미디어/수용자,,
한국방송？미디어공학회-학술대회논문집,SI02,미디어/수용자,,
한국멀티미디어학회논문지,SI02,미디어/수용자,,
한국멀티미디어학회-학술대회논문집,SI02,미디어/수용자,,
방송과미디어,SI02,미디어/수용자,,
한국스마트미디어학회 학회지,SI02,미디어/수용자,,
스마트미디어저널,SI02,미디어/수용자,,
한국도서관정보학회-학술대회논문집,SI04,도서관/정보/이용자,,
한국데이타베이스학회-학술대회논문집,SI05,정보조직/검색/시스템,,
한국기록관리학회지,SI07,,,
한국기록관리학회-학술대회논문집,SI07,,,
기록학연구,SI07,,,   
한국항공운항학회-학술대회논문집,EI07,항공교통기술,,
한국패류학회지,ND10,해양생명,,
대한의료공학회지,LC07,한의과학,,
전자공학회논문지SC,,,,
한국유기농업학회지,,,,
한국전산구조공학회-학술대회논문집,,,,
전기전자학회논문지,,,,
한국정보컨버전스학회논문지,,,,
동아시아식생활학회지,,,,
정보저장시스템학회논문집,,,,
항공우주기술,,,,
조명전기설비학회논문지,,,,
호남수학학술지,,,,
한국컴퓨터그래픽스학회논문지,,,,
정보처리학회논문지-소프트웨어 및 데이터공학,,,,
산업기술연구,,,,
한국에너지공학회-학술대회논문집,,,,
월간양계,,,,
한국습지학회지,,,,
한국정보통신학회논문지,,,,
한국미생물학회지,,,,
한국해안해양공학회-학술대회논문집,,,,
복합신소재구조학회 논문집,,,,
대한건축학회논문집,,,,
셀메드,,,,
한국학교보건학회지,,,,
한국중재학회지-중재연구,,,,
한국양식학회지,,,,
한국전문물리치료학회지,,,,
한국표면공학회지,,,,
한국학교ㆍ지역보건교육학회지,,,,
한국강구조학회 논문집,,,,
지구물리와물리탐사,,,,
조선자연과학논문집,,,,
한국식생활문화학회지,,,,
대한두경부종양학회-학술대회논문집,,,,
한국문헌정보학회지,,,,
한국수산과학회지,,,,
농촌지도와개발,,,,
응용통계연구,,,,
KAPE누리,,,,
전기학회논문지,,,,
대한기관식도과학회-학술대회논문집,,,,
정보처리학회논문지C,,,,
한국전산유체공학회지,,,,
정보처리학회논문지D,,,,
한국환경과학회지,,,,
한국디지털건축인테리어학회논문집,,,,
전력전자학회지,,,,
고려인삼학회-학술대회논문집,,,,
한국건축시공학회-학술대회논문집,,,,
한국수자원학회논문집,,,,
소성가공,,,,
한국약용작물학회-학술대회논문집,,,,
한국수소및신에너지학회논문집,,,,
한국의사학회지,,,,
재무관리논총,,,,
한국포장학회지,,,,
한국지형공간정보학회지,,,,
보험의학회지,,,,
한국전자거래학회지,,,,
통상정보연구,,,,
대한산업공학회지,,,,
에너지공학,,,,
방재&안전,,,,
과학기술학연구,,,,
한국기술혁신학회-학술대회논문집,,,,
한국농촌간호학회지,,,,
한국해안해양공학회지,,,,
한국지구과학회지,,,,
물과 미래,,,,
한국발생생물학회-학술대회논문집,,,,
한국농업기계학회-학술대회논문집,,,,
한국CDE학회지,,,,
설비공학논문집,,,,
국제물리치료학회지,,,,
한국지열에너지학회논문집,,,,
한국재료학회지,,,,
한국고분자학회지-고분자과학과기술,,,,
광촉매기술,,,,
영재교육연구,,,,
한국작물학회-학술대회논문집,,,,
한국건설관리학회논문집,,,,
교육시설,,,,
정보처리학회논문지B,,,,
한국안광학회지,,,,
한국해양공학회지,,,,
소프트웨어공학소사이어티 논문지,,,,
대한본초학회지,,,,
교통기술과정책,,,,
대한통합의학회지,,,,
한국초전도학회-학술대회논문집,,,,
전기화학회지,,,,
지능정보통신,,,,
한국보건간호학회지,,,,
정보관리연구,,,,
한국연초학회지,,,,
한국정보처리학회-학술대회논문집,,,,
한국호스피스·완화의료학회지,,,,
기술혁신학회지,,,,
동국한의학연구소논문집,,,,
한국지반공학회지-지반,,,,
한국잔디학회-학술대회논문집,,,,
드라이브 ㆍ 컨트롤,,,,
한국화재소방학회논문지,,,,
대한기계학회논문집B,,,,
한국수자원학회-학술대회논문집,,,,
한국과학기술학회-학술대회논문집,,,,
인재니움,,,,
동아시아경상학회지,,,,
한국기계가공학회지,,,,
대한수학회지,,,,
한국수학사학회지,,,,
한국구조물진단유지관리공학회지,,,,
유기물자원화,,,,
교육녹색환경연구,,,,
생명과학회지,,,,
품질경영학회지,,,,
한국유가공학회-학술대회논문집,,,,
EDISON SW 활용 경진대회 논문집,,,,
한국농림기상학회-학술대회논문집,,,,
한국제4기학회지,,,,
한국가족자원경영학회-학술대회논문집,,,,
한국해양학회지-바다,,,,
한국신뢰성학회지-신뢰성응용연구,,,,
대한안전경영과학회지,,,,
전자공학회논문지CI,,,,
융합정보논문지,,,,
한국정보관리학회-학술대회논문집,,,,
한국도로학회지-도로,,,,
치위생과학회지,,,,
한국연소학회-학술대회논문집,,,,
한국정보과학회 언어공학연구회-학술대회논문집(한글 및 한국어 정보처리),,,,
분석과학,,,,
한국재료학회-학술대회논문집,,,,
한국정밀공학회지,,,,
한국시스템다이내믹스학회-학술대회논문집,,,,
한국어병학회지,,,,
대한족부족관절학회-학술대회논문집,,,,
자원환경지질,,,,
한국전자거래학회-학술대회논문집,,,,
한국도로학회-학술대회논문집,,,,
한국진공학회-학술대회논문집,,,,
전자공학회논문지,,,,
비파괴검사학회지,,,,
한국산림과학회지,,,,
한국마린엔지니어링학회-학술대회논문집,,,,
한국우주과학회-학술대회논문집(한국우주과학회보),,,,
수산해양기술연구,,,,
한국안전학회지,,,,
디지털융복합연구,,,,
농업과학연구,,,,
한국분무공학회지,,,,
지역연구,,,,
한국방재안전학회논문집,,,,
한국언어정보학회-학술대회논문집,,,,
대한디지털의료영상학회논문지,,,,
한국표면공학회-학술대회논문집,,,,
대한교통학회지,,,,
한국화재조사학회학술대회,,,,
한국항공우주학회지,,,,
한국감성과학회-학술대회논문집,,,,
한국레이저가공학회지,,,,
한국정보기술전략혁신학회지-정보학연구,,,,
한국추진공학회지,,,,
아시안잔디학회지,,,,
한국건축시공학회지,,,,
재활간호학회지,,,,
한국신뢰성학회-학술대회논문집,,,,
해양환경안전학회-학술대회논문집,,,,
대한지리학회지,,,,
동굴,,,,
한국음향학회지,,,,
한국의료질향상학회지,,,,
한국작물학회지,,,,
한국IT서비스학회지,,,,
한국직업건강간호학회지,,,,
대한환경공학회지,,,,
대한물리의학회지,,,,
한국생물환경조절학회-학술대회논문집,,,,
문화기술의 융합,,,,
대한두경부종양학회지,,,,
한국압력기기공학회 논문집,,,,
플랜트 저널,,,,
시스템엔지니어링학술지,,,,
한국게임학회지,,,,
교육시설 논문지,,,,
대한관절경학회지,,,,
대한전기학회-학술대회논문집,,,,
대한기계학회-학술대회논문집,,,,
한국철도학회-학술대회논문집,,,,
대한화장품학회지,,,,
대한장애인치과학회지,,,,
한국약용작물학회지,,,,
동아시아식생활학회-학술대회논문집,,,,
한국BIM학회 논문집,,,,
한국정보과학회-학술대회논문집,,,,
산경연구논집,,,,
로봇학회논문지,,,,
인터넷정보학회논문지,,,,
한국전산구조공학회논문집,,,,
한국빅데이터학회지,,,,
정신신체의학,,,,
환경영향평가,,,,
인삼문화,,,,
정보처리학회지,,,,
대한상한금궤의학회지,,,,
한국지반신소재학회논문집,,,,
대한의생명과학회지,,,,
한국조명전기설비학회지-조명전기설비,,,,
동서간호학연구지,,,,
한국지구물리탐사학회-학술대회논문집,,,,
한국동물생명공학회지,,,,
한국공간구조학회지,,,,
정보관리학회지,,,,
한국건설안전학회 논문집,,,,
산학경영연구,,,,
기술표준,,,,
한국어정보학회-학술대회논문집,,,,
한국공간정보시스템학회 논문지,,,,
재활복지공학회논문지,,,,
인터넷정보학회지,,,,
"자연, 터널 그리고 지하공간",,,,
대한전자공학회-학술대회논문집,,,,
한국항해항만학회-학술대회논문집,,,,
아세아태평양축산학회지,,,,
한국응용과학기술학회지,,,,
동의생리병리학회지,,,,
철도저널,,,,
핵의학기술,,,,
전기학회논문지P,,,,
한국임산에너지학회-학술대회논문집,,,,
대한기관식도과학회지,,,,
한국대기환경학회-학술대회논문집,,,,
한국입자에어로졸학회지,,,,
한국전기전자재료학회논문지,,,,
한국정보전자통신기술학회논문지,,,,
턱관절균형의학회지,,,,
한국병원경영학회지,,,,
한국산업보건학회지,,,,
경락경혈학회지,,,,
전력전자학회논문지,,,,
공업화학,,,,
한국전산유체공학회-학술대회논문집,,,,
한국암반공학회-학술대회논문집,,,,
한국인터넷방송통신학회논문지,,,,
한국자원식물학회-학술대회논문집,,,,
의학교육논단,,,,
한국생활과학회지,,,,
대한외상학회지,,,,
한국조사연구학회지-조사연구,,,,
한국산업융합학회 논문집,,,,
마이크로전자및패키징학회지,,,,
대한토목학회논문집,,,,
한국소음진동공학회논문집,,,,
융복합기술연구소 논문집,,,,
산업진흥연구,,,,
정보통신설비학회논문지,,,,
한국터널지하공간학회 논문집,,,,
접착 및 계면,,,,
고려인삼연구와산업,,,,
대한족부족관절학회지,,,,
대한수사과학회지,,,,
멤브레인,,,,
한국농촌건축학회논문집,,,,
한국마린엔지니어링학회지,,,,
해안과 해양,,,,
인간행동과 음악연구,,,,
한국건설순환자원학회지,,,,
한국컴퓨터정보학회-학술대회논문집,,,,
멤브레인뉴스,,,,
종양간호연구,,,,
제어로봇시스템학회지,,,,
한국GIS학회-학술대회논문집,,,,
한국물환경학회지,,,,
한국지하수토양환경학회지-지하수토양환경,,,,
지능정보연구,,,,
E2M - 전기 전자와 첨단 소재,,,,
생약학회지,,,,
한국지구과학회-학술대회논문집,,,,
유공압시스템학회-학술대회논문집,,,,
한국섬유공학회지,,,,
한국유통학회지-유통연구,,,,
기술혁신연구,,,,
대한음성언어의학회-학술대회논문집,,,,
한국생활과학회-학술대회논문집,,,,
한국가금학회지,,,,
대한전자공학회지,,,,
대한화학회지,,,,
한국한의학연구원논문집,,,,
패션정보와 기술,,,,
한국균학회소식-학술대회논문집,,,,
한국항공운항학회지,,,,
한국자원식물학회지,,,,
한국임상보건과학회지,,,,
대한구순구개열학회지,,,,
한국산학기술학회논문지,,,,
한국컴퓨터정보학회지,,,,
한국융합학회논문지,,,,
대한의용생체공학회-의공학회지,,,,
대한물리치료과학회지,,,,
정보화정책,,,,
한국방재학회-학술대회논문집,,,,
수산해양교육연구,,,,
대한전자공학회논문지SD,,,,
한국대기환경학회지,,,,
한국환경농학회지,,,,
대한감각통합치료학회지,,,,
산업공학,,,,
의료ㆍ복지 건축 - 한국의료복지건축학회 논문집,,,,
도시과학,,,,
한국농림기상학회지,,,,
한국환경농학회-학술대회논문집,,,,
대한수학회보,,,,
한국환경생태학회-학술대회논문집,,,,
한국소음진동공학회-학술대회논문집,,,,
트랜스-,,,,
한국화재소방학회-학술대회논문집,,,,
보건의료산업학회지,,,,
폴리머,,,,
대한임상전기생리학회지,,,,
대한전자공학회논문지SP,,,,
미술자료,,,,
한국축산시설환경학회지,,,,
유공압시스템학회논문집,,,,
한국가족자원경영학회지,,,,
한국치위생학회지,,,,
한국지반공학회-학술대회논문집,,,,
한국비블리아학회-학술대회논문집,,,,
한국광학회지,,,,
한국수정란이식학회지,,,,
열처리공학회지,,,,
한국미생물학회-학술대회논문집,,,,
한국해양환경ㆍ에너지학회지,,,,
사상체질의학회지,,,,
식물분류학회지,,,,
유전체소식지,,,,
한국지역사회생활과학회-학술대회논문집,,,,
중환자간호학회지,,,,
정보처리학회논문지A,,,,
한국산업정보학회논문지,,,,
한국시조학회지-시조학논총,,,,
한국구조물진단유지관리공학회 논문집,,,,
대한두개안면성형외과학회지,,,,
산업클러스터,,,,
한국측량학회-학술대회논문집,,,,
한국군사과학기술학회지,,,,
한국과 국제사회,,,,
한국생산제조학회지,,,,
한국경영과학회-학술대회논문집,,,,
경영과정보연구,,,,
한국발생생물학회지-발생과생식,,,,
한국균학회지,,,,
한국보육학회지,,,,
한국식생활문화학회-학술대회논문집,,,,
한국언어정보학회지-언어와정보,,,,
한국환경과학회-학술대회논문집,,,,
방사성폐기물학회지,,,,
대한정형도수물리치료학회지,,,,
한국통신학회논문지,,,,
자동차안전학회지,,,,
대한전자공학회논문지TC,,,,
한국시스템다이내믹스연구,,,,
방송공학회논문지,,,,
병원경영학회지,,,,
대한유전성대사질환학회지,,,,
정보과학회지,,,,
유통과학연구,,,,
전기의세계,,,,
한국농공학회논문집,,,,
한국정보시스템학회지-정보시스템연구,,,,
한국전자통신학회논문지,,,,
여성건강간호학회지,,,,
한국가축위생학회지,,,,
군사학연구,,,,
융합보안논문지,,,,
전력전자학회-학술대회논문집,,,,
한국방재학회 논문집,,,,
한국인구학,,,,
한국도서관정보학회지,,,,
의료법학,,,,
대한기계학회논문집A,,,,
한국시뮬레이션학회논문지,,,,
한국재난정보학회 논문집,,,,
한국해양바이오학회지,,,,
디지털산업정보학회논문지,,,,
기계저널,,,,
한국초지조사료학회지,,,,
한국음향학회-학술대회논문집,,,,
한국농공학회지,,,,
전산구조공학,,,,
한국보육지원학회지,,,,
지질공학,,,,
한국생명과학회-학술대회논문집,,,,
한국항해항만학회지,,,,
한국정보통신학회-학술대회논문집,,,,
한국경호경비학회-학술대회논문집,,,,
수산경영론집,,,,
수학,,,,
혜화의학회지,,,,
제어로봇시스템학회논문지,,,,
지적과 국토정보,,,,
축산식품과학과 산업,,,,
한국지리정보학회지,,,,
한국조사연구학회-학술대회논문집,,,,
한국연소학회지,,,,
한국정보과학회논문지-컴퓨팅의 실제 및 레터,,,,
한국가시화정보학회지,,,,
한국산학기술학회-학술대회논문집,,,,
농촌의학ㆍ지역보건,,,,
보존과학회지,,,,
박물관보존과학,,,,
생태와환경,,,,
한국자동차공학회논문집,,,,
자원리싸이클링,,,,
한국항행학회논문지,,,,
광물과산업,,,,
한국방재학회지,,,,
한국미생물·생명공학회지,,,,
한국융합신호처리학회논문지,,,,
한국의상디자인학회지,,,,
한국유기농업학회-학술대회논문집,,,,
해양환경안전학회지,,,,
환경위생공학,,,,
한국동력기계공학회지,,,,
부모자녀건강학회지,,,,
레드리본,,,,
한국정보과학회논문지-소프트웨어및응용,,,,
한국컴퓨터정보학회논문지,,,,
한국잠사곤충학회지,,,,
대한설비공학회-학술대회논문집,,,,
정보처리학회논문지-컴퓨터 및 통신 시스템,,,,
한국호스피스완화의료학회-학술대회논문집,,,,
한국CDE학회논문집,,,,
산업경영시스템학회지,,,,
한국간호교육학회지,,,,
한국추진공학회-학술대회논문집,,,,
한국해안·해양공학회논문집,,,,
충청수학회지,,,,
아태비즈니스연구,,,,
한국도로학회논문집,,,,
한국어류학회지,,,,
대한설비공학회지-설비저널,,,,
대한안전경영과학회-학술대회논문집,,,,
한국화재소방학회지,,,,
생물정신의학,,,,
한국진공학회지,,,,
한국학교수학회논문집,,,,
지열에너지저널,,,,
한국초전도저온공학회지-초전도와저온공학,,,,
정보와 통신,,,,
산업융합연구,,,,
대한수학회논문집,,,,
서비스연구,,,,
한국보건교육건강증진학회-학술대회논문집,,,,
한국정보디스플레이학회-학술대회논문집,,,,
한국유체기계학회 논문집,,,,
터널과지하공간,,,,
한국건설순환자원학회논문집,,,,
한국복지융합학회지,,,,
열린충남,,,,
한국결정성장학회지,,,,
전자공학회논문지 IE,,,,
아시아태평양코퍼스연구,,,,
진공이야기,,,,
복합신소재구조학회지,,,,